<?xml version="1.0" encoding="UTF-8"?>
<!--

    BleachBit
    Copyright (C) 2008-2025 Andrew Ziem
    https://www.bleachbit.org

    This program is free software: you can redistribute it and/or modify
    it under the terms of the GNU General Public License as published by
    the Free Software Foundation, either version 3 of the License, or
    (at your option) any later version.

    This program is distributed in the hope that it will be useful,
    but WITHOUT ANY WARRANTY; without even the implied warranty of
    MERCHANTABILITY or FITNESS FOR A PARTICULAR PURPOSE.  See the
    GNU General Public License for more details.

    You should have received a copy of the GNU General Public License
    along with this program.  If not, see <http://www.gnu.org/licenses/>.

-->
<cleaner id="kde" os="linux">
  <label>KDE</label>
  <description>Desktop environment</description>
  <option id="cache">
    <label>Cache</label>
    <description>Delete the cache</description>
    <action command="delete" search="glob" path="~/.kde/cache-*/*/*"/>
    <action command="delete" search="glob" path="~/.kde4/cache-*/*/*"/>
    <action command="delete" search="glob" path="~/.kde/cache-*/*"/>
    <action command="delete" search="glob" path="~/.kde4/cache-*/*"/>
  </option>
  <option id="tmp">
    <label>Temporary files</label>
    <description>Delete the temporary files</description>
    <action command="delete" search="glob" path="~/.kde/tmp-*/*/*" nregex="^xauth="/>
    <action command="delete" search="glob" path="~/.kde4/tmp-*/*/*" nregex="^xauth="/>
    <action command="delete" search="glob" path="~/.kde/tmp-*/*" nregex="^xauth="/>
    <action command="delete" search="glob" path="~/.kde4/tmp-*/*" nregex="^xauth="/>
  </option>
  <option id="recent_documents">
    <label>Recent documents list</label>
    <description>Delete the list of recently used documents</description>
    <action command="delete" search="glob" path="~/.kde/share/apps/RecentDocuments/*.desktop"/>
    <action command="delete" search="glob" path="~/.kde4/share/apps/RecentDocuments/*.desktop"/>
    <action command="delete" search="glob" path="~/.local/share/RecentDocuments/*.desktop"/>
  </option>
</cleaner>
