<?xml version="1.0" encoding="UTF-8"?>
<!--

    BleachBit
    Copyright (C) 2008-2025 Andrew Ziem
    https://www.bleachbit.org

    This program is free software: you can redistribute it and/or modify
    it under the terms of the GNU General Public License as published by
    the Free Software Foundation, either version 3 of the License, or
    (at your option) any later version.

    This program is distributed in the hope that it will be useful,
    but WITHOUT ANY WARRANTY; without even the implied warranty of
    MERCHANTABILITY or FITNESS FOR A PARTICULAR PURPOSE.  See the
    GNU General Public License for more details.

    You should have received a copy of the GNU General Public License
    along with this program.  If not, see <http://www.gnu.org/licenses/>.

-->
<cleaner id="transmission" os="linux">
  <label>Transmission</label>
  <description>File transfer client</description>
  <running type="exe" same_user="true">transmission</running>
  <option id="blocklists">
    <label translators="Torrent software can block a list of IP addresses, such as those that may belong to malware or anti-piracy organizations">Blocklists</label>
    <description>Delete the files</description>
    <warning>Blocklists will need update to work.</warning>
    <action command="delete" search="walk.files" path="$XDG_CONFIG_HOME/transmission/blocklists/"/>
  </option>
  <option id="torrents">
    <label>Torrents</label>
    <description>Delete the torrents (just the metadata but not the files described)</description>
    <action command="delete" search="walk.files" path="$XDG_CONFIG_HOME/transmission/resume/"/>
    <action command="delete" search="walk.files" path="$XDG_CONFIG_HOME/transmission/torrents/"/>
  </option>
  <option id="history">
    <label>Statistics</label>
    <description>Delete the file</description>
    <action command="delete" search="file" path="$XDG_CONFIG_HOME/transmission/stats.json"/>
  </option>
</cleaner>
