<?xml version="1.0" encoding="UTF-8"?>
<!--

    BleachBit
    Copyright (C) 2008-2025 Andrew Ziem
    https://www.bleachbit.org

    This program is free software: you can redistribute it and/or modify
    it under the terms of the GNU General Public License as published by
    the Free Software Foundation, either version 3 of the License, or
    (at your option) any later version.

    This program is distributed in the hope that it will be useful,
    but WITHOUT ANY WARRANTY; without even the implied warranty of
    MERCHANTABILITY or FITNESS FOR A PARTICULAR PURPOSE.  See the
    GNU General Public License for more details.

    You should have received a copy of the GNU General Public License
    along with this program.  If not, see <http://www.gnu.org/licenses/>.

-->
<cleaner id="gnome" os="unix">
  <label>GNOME</label>
  <description>Desktop environment</description>
  <option id="run">
    <label translators="In GNOME 'Run' is the dialog shown when typing ALT+F2'">Run</label>
    <description>Delete the usage history</description>
    <!-- In GNOME 2.26.3 on Fedora 11 press ALT+F2 and click the down arrow -->
    <action command="delete" search="file" path="~/.gconf/apps/gnome-settings/gnome-panel/%gconf.xml"/>
  </option>
  <option id="search_history">
    <label>Search history</label>
    <description>Delete the search history</description>
    <!-- In GNOME 2.26.3 on Fedora 11 click Places (toolbar) - Search For Files, and then click the down arrow -->
    <action command="delete" search="file" path="~/.gconf/apps/gnome-settings/gnome-search-tool/%gconf.xml"/>
    <action command="delete" search="file" path="$XDG_DATA_HOME/gnome-shell/application_state"/>
  </option>
</cleaner>
