<?xml version="1.0" encoding="UTF-8"?>
<!--

    BleachBit
    Copyright (C) 2008-2025 Andrew Ziem
    https://www.bleachbit.org

    This program is free software: you can redistribute it and/or modify
    it under the terms of the GNU General Public License as published by
    the Free Software Foundation, either version 3 of the License, or
    (at your option) any later version.

    This program is distributed in the hope that it will be useful,
    but WITHOUT ANY WARRANTY; without even the implied warranty of
    MERCHANTABILITY or FITNESS FOR A PARTICULAR PURPOSE.  See the
    GNU General Public License for more details.

    You should have received a copy of the GNU General Public License
    along with this program.  If not, see <http://www.gnu.org/licenses/>.

-->
<cleaner id="gwenview" os="unix">
  <label>Gwenview</label>
  <running type="exe" os="freebsd">gwenview</running>
  <option id="recent_documents">
    <label>Recent documents list</label>
    <description>Delete the list of recently used documents</description>
    <!-- Arch Linux KDE 4.3.2 has ~/.kde4/ -->
    <action command="delete" search="glob" path="~/.kde4/share/apps/gwenview/recentfolders/*rc"/>
    <action command="delete" search="glob" path="~/.kde4/share/apps/gwenview/recenturls/*rc"/>
    <!-- Fedora 11 KDE 4.3.1 has ~/.kde/ -->
    <action command="delete" search="glob" path="~/.kde/share/apps/gwenview/recentfolders/*rc"/>
    <action command="delete" search="glob" path="~/.kde/share/apps/gwenview/recenturls/*rc"/>
    <!-- FreeBSD -->
    <action command="delete" search="glob" path="$XDG_DATA_HOME/gwenview/recentfolders/*rc"/>
  </option>
</cleaner>
