<?xml version="1.0" encoding="UTF-8"?>
<!--

    BleachBit
    Copyright (C) 2008-2025 Andrew Ziem
    https://www.bleachbit.org

    This program is free software: you can redistribute it and/or modify
    it under the terms of the GNU General Public License as published by
    the Free Software Foundation, either version 3 of the License, or
    (at your option) any later version.

    This program is distributed in the hope that it will be useful,
    but WITHOUT ANY WARRANTY; without even the implied warranty of
    MERCHANTABILITY or FITNESS FOR A PARTICULAR PURPOSE.  See the
    GNU General Public License for more details.

    You should have received a copy of the GNU General Public License
    along with this program.  If not, see <http://www.gnu.org/licenses/>.

-->
<cleaner id="rhythmbox" os="linux">
  <label>Rhythmbox</label>
  <option id="cache">
    <label>Cache</label>
    <description>Delete the cache</description>
    <action command="delete" search="walk.files" path="~/.gnome2/rhythmbox/jamendo/"/>
    <action command="delete" search="walk.files" path="~/.gnome2/rhythmbox/magnatune/"/>
  </option>
  <option id="history">
    <label>Database</label>
    <description>Delete the database, which contains information such as play count and last played</description>
    <action command="delete" search="file" path="$XDG_DATA_HOME/rhythmbox/rhythmdb.xml"/>
  </option>
</cleaner>
