<?xml version="1.0" encoding="UTF-8"?>
<!--

    BleachBit
    Copyright (C) 2008-2025 Andrew Ziem
    https://www.bleachbit.org

    This program is free software: you can redistribute it and/or modify
    it under the terms of the GNU General Public License as published by
    the Free Software Foundation, either version 3 of the License, or
    (at your option) any later version.

    This program is distributed in the hope that it will be useful,
    but WITHOUT ANY WARRANTY; without even the implied warranty of
    MERCHANTABILITY or FITNESS FOR A PARTICULAR PURPOSE.  See the
    GNU General Public License for more details.

    You should have received a copy of the GNU General Public License
    along with this program.  If not, see <http://www.gnu.org/licenses/>.

-->
<!-- FIXME: No idea if this is available for Windows. -->
<cleaner id="easytag" os="unix">
  <label>EasyTAG</label>
  <description translators="This software edits metadata tags, such as title and artist, in audio files">Audio files tagger</description>
  <running type="exe" os="freebsd">easytag</running>
  <option id="history">
    <label>History</label>
    <description>Delete the usage history</description>
    <action command="delete" search="glob" path="~/.easytag/*.history"/>
    <action command="delete" search="glob" path="~/.easytag/*.mask"/>
    <action command="delete" search="glob" path="$XDG_CONFIG_HOME/easytag/*.history"/>
    <action command="delete" search="glob" path="$XDG_CONFIG_HOME/easytag/*.mask"/>
  </option>
  <option id="logs">
    <label>Logs</label>
    <description>Delete the debug logs</description>
    <action command="delete" search="file" path="~/.easytag/easytag.log"/>
    <action command="delete" search="file" path="$XDG_CACHE_HOME/easytag/easytag.log"/>
  </option>
</cleaner>
