<?xml version="1.0" encoding="UTF-8"?>
<!--

    BleachBit
    Copyright (C) 2008-2025 Andrew Ziem
    https://www.bleachbit.org

    This program is free software: you can redistribute it and/or modify
    it under the terms of the GNU General Public License as published by
    the Free Software Foundation, either version 3 of the License, or
    (at your option) any later version.

    This program is distributed in the hope that it will be useful,
    but WITHOUT ANY WARRANTY; without even the implied warranty of
    MERCHANTABILITY or FITNESS FOR A PARTICULAR PURPOSE.  See the
    GNU General Public License for more details.

    You should have received a copy of the GNU General Public License
    along with this program.  If not, see <http://www.gnu.org/licenses/>.

-->
<cleaner id="bash" os="unix">
  <label>Bash</label>
  <description>Shell</description>
  <option id="history">
    <label>History</label>
    <description>Delete the command history</description>
    <action command="delete" search="file" path="~/.bash_history"/>
  </option>
  <option id="tmp">
    <label>Temporary files</label>
    <description>Delete the temporary files</description>
    <action command="delete" search="glob" path="~/.bash_history-*.tmp"/>
  </option>
</cleaner>
