<?xml version="1.0" encoding="UTF-8"?>
<!--

    BleachBit
    Copyright (C) 2008-2025 Andrew Ziem
    https://www.bleachbit.org

    This program is free software: you can redistribute it and/or modify
    it under the terms of the GNU General Public License as published by
    the Free Software Foundation, either version 3 of the License, or
    (at your option) any later version.

    This program is distributed in the hope that it will be useful,
    but WITHOUT ANY WARRANTY; without even the implied warranty of
    MERCHANTABILITY or FITNESS FOR A PARTICULAR PURPOSE.  See the
    GNU General Public License for more details.

    You should have received a copy of the GNU General Public License
    along with this program.  If not, see <http://www.gnu.org/licenses/>.

-->
<cleaner id="evolution" os="linux">
  <label>Evolution</label>
  <description>Email client</description>
  <running type="exe" same_user="true">evolution</running>
  <option id="cache">
    <label>Cache</label>
    <description>Delete the cache</description>
    <!-- weather calendar: /home/foo/.evolution/cache/calendar/weather___ccf_GZH_Evergreen/cache.xml -->
    <!-- ical: /home/foo/.evolution/cache/calendar/webcal___icalx.com_public_icalshare_US%20Holidays.ics/cache.xml -->
    <!-- IMAP? : /home/foo/.evolution/cache/tmp/mail.log.AMIoEg -->
    <!-- ? : /home/foo/.evolution/cache/http/ -->
    <action command="delete" search="walk.all" path="~/.evolution/cache/"/>
    <!-- Evolution 3.16.5 on Ubuntu 15.10 uses $XDG_CACHE_HOME/evolution and does not have ~/.evolution -->
    <action command="delete" search="walk.all" path="$XDG_CACHE_HOME/evolution/"/>
  </option>
</cleaner>
