<?xml version="1.0" encoding="UTF-8"?>
<!--

    BleachBit
    Copyright (C) 2008-2025 Andrew Ziem
    https://www.bleachbit.org

    This program is free software: you can redistribute it and/or modify
    it under the terms of the GNU General Public License as published by
    the Free Software Foundation, either version 3 of the License, or
    (at your option) any later version.

    This program is distributed in the hope that it will be useful,
    but WITHOUT ANY WARRANTY; without even the implied warranty of
    MERCHANTABILITY or FITNESS FOR A PARTICULAR PURPOSE.  See the
    GNU General Public License for more details.

    You should have received a copy of the GNU General Public License
    along with this program.  If not, see <http://www.gnu.org/licenses/>.

-->
<!-- verified with SQLite version 3.7.13 on Ubuntu 12.10 -->
<!-- verified with SQLite version 3.11.0 on Ubuntu 16.04 -->
<cleaner id="sqlite3" os="unix">
  <label>sqlite3</label>
  <option id="history">
    <label>History</label>
    <description>Delete the command history</description>
    <action command="delete" search="file" path="~/.sqlite_history"/>
  </option>
</cleaner>
