<?xml version="1.0" encoding="UTF-8"?>
<!--

    BleachBit
    Copyright (C) 2008-2025 Andrew Ziem, nodiscc
    https://www.bleachbit.org

    This program is free software: you can redistribute it and/or modify
    it under the terms of the GNU General Public License as published by
    the Free Software Foundation, either version 3 of the License, or
    (at your option) any later version.

    This program is distributed in the hope that it will be useful,
    but WITHOUT ANY WARRANTY; without even the implied warranty of
    MERCHANTABILITY or FITNESS FOR A PARTICULAR PURPOSE.  See the
    GNU General Public License for more details.

    You should have received a copy of the GNU General Public License
    along with this program.  If not, see <http://www.gnu.org/licenses/>.

-->
<cleaner id="apt" os="linux">
  <label>APT</label>
  <description>Package manager</description>
  <running type="exe" same_user="false">apt-get</running>
  <running type="exe" same_user="false">synaptic</running>
  <!-- gnome-app-install uses synaptic -->
  <option id="clean">
    <label translate="false">clean</label>
    <description>Delete the cache</description>
    <action command="apt.clean"/>
  </option>
  <option id="autoclean">
    <label translate="false">autoclean</label>
    <description>Delete obsolete files</description>
    <action command="apt.autoclean"/>
  </option>
  <option id="autoremove">
    <label translate="false">autoremove</label>
    <description>Delete obsolete files</description>
    <action command="apt.autoremove"/>
  </option>
  <option id="package_lists">
    <label>Package lists</label>
    <description>Delete the cache</description>
    <action command="delete" search="walk.all" path="/var/lib/apt/lists/"/>
  </option>
</cleaner>
