<?xml version="1.0" encoding="UTF-8"?>
<!--

    BleachBit
    Copyright (C) 2008-2025 Andrew Ziem
    https://www.bleachbit.org

    This program is free software: you can redistribute it and/or modify
    it under the terms of the GNU General Public License as published by
    the Free Software Foundation, either version 3 of the License, or
    (at your option) any later version.

    This program is distributed in the hope that it will be useful,
    but WITHOUT ANY WARRANTY; without even the implied warranty of
    MERCHANTABILITY or FITNESS FOR A PARTICULAR PURPOSE.  See the
    GNU General Public License for more details.

    You should have received a copy of the GNU General Public License
    along with this program.  If not, see <http://www.gnu.org/licenses/>.

-->
<cleaner id="konqueror" os="linux">
  <label>Konqueror</label>
  <description>Web browser</description>
  <running type="exe" same_user="true">konqueror</running>
  <option id="cookies">
    <label>Cookies</label>
    <description>Delete cookies, which contain information such as web site preferences, authentication, and tracking identification</description>
    <action command="delete" search="file" path="~/.kde/share/apps/kcookiejar/cookies"/>
    <!-- Chakra 2014.02 uses ~/.kde4/ -->
    <action command="delete" search="file" path="~/.kde4/share/apps/kcookiejar/cookies"/>
  </option>
  <option id="current_session">
    <label>Current session</label>
    <description>Delete the current session</description>
    <action command="delete" search="walk.files" path="~/.kde/share/apps/konqueror/autosave/"/>
    <!-- Chakra 2014.02 uses ~/.kde4/ -->
    <action command="delete" search="walk.files" path="~/.kde4/share/apps/konqueror/autosave/"/>
  </option>
  <option id="url_history">
    <label>URL history</label>
    <description>List of visited web pages</description>
    <action command="delete" search="file" path="~/.kde/share/apps/konqueror/closeditems_saved"/>
    <action command="delete" search="file" path="~/.kde/share/apps/konqueror/konq_history"/>
    <action command="delete" search="file" path="~/.kde/share/config/konq_history"/>
    <!-- Chakra 2014.02 uses ~/.kde4/ -->
    <action command="delete" search="file" path="~/.kde4/share/apps/konqueror/closeditems_saved"/>
    <action command="delete" search="file" path="~/.kde4/share/apps/konqueror/konq_history"/>
    <action command="delete" search="file" path="~/.kde4/share/config/konq_history"/>
  </option>
</cleaner>
