<?xml version="1.0" encoding="UTF-8"?>
<!--

    BleachBit
    Copyright (C) 2008-2025 Andrew Ziem
    https://www.bleachbit.org

    This program is free software: you can redistribute it and/or modify
    it under the terms of the GNU General Public License as published by
    the Free Software Foundation, either version 3 of the License, or
    (at your option) any later version.

    This program is distributed in the hope that it will be useful,
    but WITHOUT ANY WARRANTY; without even the implied warranty of
    MERCHANTABILITY or FITNESS FOR A PARTICULAR PURPOSE.  See the
    GNU General Public License for more details.

    You should have received a copy of the GNU General Public License
    along with this program.  If not, see <http://www.gnu.org/licenses/>.

-->
<cleaner id="google_earth">
  <label>Google Earth</label>
  <option id="temporary_files">
    <label>Temporary files</label>
    <description>Delete the temporary files</description>
    <action command="delete" search="file" path="~/.googleearth/Cache/dbCache.dat"/>
    <action command="delete" search="file" path="~/.googleearth/Cache/dbCache.dat.index"/>
    <action command="delete" search="walk.files" path="~/.googleearth/Temp"/>
    <action command="delete" search="file" path="$USERPROFILE\Application Data\Google\GoogleEarth\dbCache.dat"/>
    <action command="delete" search="file" path="$USERPROFILE\Application Data\Google\GoogleEarth\dbCache.dat.index"/>
  </option>
</cleaner>
