<?xml version="1.0" encoding="UTF-8"?>
<!--

    BleachBit
    Copyright (C) 2008-2025 Andrew Ziem
    https://www.bleachbit.org

    This program is free software: you can redistribute it and/or modify
    it under the terms of the GNU General Public License as published by
    the Free Software Foundation, either version 3 of the License, or
    (at your option) any later version.

    This program is distributed in the hope that it will be useful,
    but WITHOUT ANY WARRANTY; without even the implied warranty of
    MERCHANTABILITY or FITNESS FOR A PARTICULAR PURPOSE.  See the
    GNU General Public License for more details.

    You should have received a copy of the GNU General Public License
    along with this program.  If not, see <http://www.gnu.org/licenses/>.

-->
<cleaner id="gedit" os="linux">
  <label>gedit</label>
  <description>Editor</description>
  <option id="recent_documents">
    <label>Recent documents list</label>
    <description>Delete the list of recently used documents</description>
    <!-- gedit 2.26.1 on Ubuntu 9.04 -->
    <action command="delete" search="file" path="$XDG_CACHE_HOME/gedit/gedit-metadata.xml"/>
    <!-- gedit 2.24.3 on Fedora 10, gedit 2.30.4 on Fedora 14 -->
    <action command="delete" search="file" path="~/.gnome2/gedit-metadata.xml"/>
  </option>
</cleaner>
