<?xml version="1.0" encoding="UTF-8"?>
<Script>
  <Name>Remove PowerShell ISE</Name>
  <Name xml:lang="fr">Supprimer PowerShell ISE</Name>
  <Description>PowerShell ISE can be deleted if you don't use it.</Description>
  <Description xml:lang="fr">PowerShell ISE peut être supprimé si vous ne l'utilisez pas.</Description>
  <Category>Debloating</Category>
  <SafetyLevel>Limited</SafetyLevel>
  <Impact>Free storage space</Impact>
  <Versions>>=6.1.7600</Versions>
  <Code>
    <Execute Host="Execute" SuccessExitCodes="0 3010 87" Order="100">Dism /Online /Remove-Capability /CapabilityName:Microsoft.Windows.PowerShell.ISE~~~~0.0.1.0 /NoRestart</Execute>
  </Code>
</Script>