<?xml version="1.0" encoding="UTF-8"?>
<Script>
  <Name>Remove One Drive</Name>
  <Name xml:lang="fr">Supprimmer One Drive</Name>
  <Description>One Drive comes preinstalled with Windows. This script removes One Drive and frees up disk space.</Description>
  <Description xml:lang="fr">One Drive est préinstallé avec Windows. Ce script supprime One Drive et libère de l'espace disque.</Description>
  <Category>Debloating</Category>
  <SafetyLevel>Limited</SafetyLevel>
  <Impact>Free storage space</Impact>
  <Versions>>=6.3.9600</Versions>
  <Code>
    <Execute Host="PowerShell">
# License: https://github.com/W4RH4WK/Debloat-Windows-10/blob/master/LICENSE
# Original code: https://github.com/W4RH4WK/Debloat-Windows-10/blob/master/scripts/remove-onedrive.ps1
      
function New-FolderForced {
    [CmdletBinding(SupportsShouldProcess = $true)]
    param (
    [Parameter(Position = 0, Mandatory, ValueFromPipeline, ValueFromPipelineByPropertyName)]
    [string]
    $Path
    )

    process {
        if (-not (Test-Path $Path)) {
            Write-Output "Creating full path to: $Path"
            New-Item -Path $Path -ItemType Directory -Force
        }
    }
}

# Kill OneDrive process
taskkill.exe /F /IM "OneDrive.exe"
taskkill.exe /F /IM "explorer.exe"

# Remove OneDrive
if (Test-Path "$env:systemroot\System32\OneDriveSetup.exe") {
    &amp; "$env:systemroot\System32\OneDriveSetup.exe" /uninstall
}
if (Test-Path "$env:systemroot\SysWOW64\OneDriveSetup.exe") {
    &amp; "$env:systemroot\SysWOW64\OneDriveSetup.exe" /uninstall
}

# Removing OneDrive leftovers
Remove-Item -Recurse -Force -ErrorAction SilentlyContinue "$env:localappdata\Microsoft\OneDrive"
Remove-Item -Recurse -Force -ErrorAction SilentlyContinue "$env:programdata\Microsoft OneDrive"
Remove-Item -Recurse -Force -ErrorAction SilentlyContinue "$env:systemdrive\OneDriveTemp"
# check if directory is empty before removing:
if ((Get-ChildItem "$env:userprofile\OneDrive" -Recurse | measure).Count -eq 0) {
    Remove-Item -Recurse -Force -ErrorAction SilentlyContinue "$env:userprofile\OneDrive"
}

# Disable OneDrive via Group Policies
New-FolderForced -Path "HKLM:\SOFTWARE\Wow6432Node\Policies\Microsoft\Windows\OneDrive"
Set-ItemProperty -Path "HKLM:\SOFTWARE\Wow6432Node\Policies\Microsoft\Windows\OneDrive" "DisableFileSyncNGSC" 1

# Remove Onedrive from explorer sidebar
New-PSDrive -PSProvider "Registry" -Root "HKEY_CLASSES_ROOT" -Name "HKCR"
New-Item -Force "HKCR:\CLSID\{018D5C66-4533-4307-9B53-224DE2ED1FE6}"
Set-ItemProperty -Path "HKCR:\CLSID\{018D5C66-4533-4307-9B53-224DE2ED1FE6}" "System.IsPinnedToNameSpaceTree" 0
New-Item -Force "HKCR:\Wow6432Node\CLSID\{018D5C66-4533-4307-9B53-224DE2ED1FE6}"
Set-ItemProperty -Path "HKCR:\Wow6432Node\CLSID\{018D5C66-4533-4307-9B53-224DE2ED1FE6}" "System.IsPinnedToNameSpaceTree" 0
Remove-PSDrive "HKCR"

# Removing run hook for new users
reg load "hku\Default" "C:\Users\Default\NTUSER.DAT"
reg delete "HKEY_USERS\Default\SOFTWARE\Microsoft\Windows\CurrentVersion\Run" /v "OneDriveSetup" /f
reg unload "hku\Default"

# Removing startmenu entry
Remove-Item -Force -ErrorAction SilentlyContinue "$env:userprofile\AppData\Roaming\Microsoft\Windows\Start Menu\Programs\OneDrive.lnk"

# Removing scheduled task
Get-ScheduledTask -TaskPath '\' -TaskName 'OneDrive*' -ea SilentlyContinue | Unregister-ScheduledTask -Confirm:$false

# Restarting explorer
Start-Process 'explorer.exe'</Execute>
  </Code>
</Script>