<?xml version="1.0" encoding="UTF-8"?>
<Script>
  <Name>Show full path in Explorer title bar</Name>
  <Name xml:lang="fr">Afficher le chemin d'accès complet dans la barre de titre de l'Explorateur de fichiers</Name>
  <Description>Description anglaise</Description>
  <Description xml:lang="fr">Afficher le chemin d'accès complet du répertoire actuel dans la barre de titre de l'Explorateur de Fichiers.</Description>
  <Category>Customization</Category>
  <SafetyLevel>Limited</SafetyLevel>
  <Impact>Ergonomics</Impact>
  <Code>
    <Enable Host="Regedit">Windows Registry Editor Version 5.00

[HKEY_CURRENT_USER\SOFTWARE\Microsoft\Windows\CurrentVersion\Explorer\CabinetState]
"FullPath"=dword:1</Enable>
    <Disable Host="Regedit">Windows Registry Editor Version 5.00

[HKEY_CURRENT_USER\SOFTWARE\Microsoft\Windows\CurrentVersion\Explorer\CabinetState]
"FullPath"=dword:0</Disable>
    <Detect Host="PowerShell">Switch (Get-ItemPropertyValue -Path 'HKCU:\SOFTWARE\Microsoft\Windows\CurrentVersion\Explorer\CabinetState' -Name 'FullPath') {
    0 {exit 0}
    1 {exit 1}
    default {exit -1}
}</Detect>
  </Code>
</Script>