<?xml version="1.0" encoding="UTF-8"?>
<Script>
  <Name>Show seconds in taskbar clock</Name>
  <Name xml:lang="fr">Afficher les secondes dans l'horloge de la barre des tâches</Name>
  <Description>Display seconds in the clock at the bottom right corner of the screen.</Description>
  <Description xml:lang="fr">Afficher les secondes dans l'horloge au coin inférieur droit de l'écran.</Description>
  <Category>Customization</Category>
  <SafetyLevel>Limited</SafetyLevel>
  <Impact>Ergonomics</Impact>
  <Versions>>=10.0.0 &lt;10.0.22000 || >=10.0.25247</Versions>
  <Code>
    <Enable Host="Regedit">Windows Registry Editor Version 5.00

[HKEY_CURRENT_USER\SOFTWARE\Microsoft\Windows\CurrentVersion\Explorer\Advanced]
"ShowSecondsInSystemClock"=dword:1</Enable>
    <Disable Host="Regedit">Windows Registry Editor Version 5.00

[HKEY_CURRENT_USER\SOFTWARE\Microsoft\Windows\CurrentVersion\Explorer\Advanced]
"ShowSecondsInSystemClock"=dword:0</Disable>
    <Detect Host="PowerShell">Switch (Get-ItemPropertyValue -Path 'HKCU:\SOFTWARE\Microsoft\Windows\CurrentVersion\Explorer\Advanced' -Name 'ShowSecondsInSystemClock') {
    0 {exit 0}
    1 {exit 1}
    default {exit -1}
}</Detect>
  </Code>
</Script>