﻿<?xml version="1.0" encoding="utf-8" ?>
<Hosts>
  <Host Type="Program">
    <Name>Cmd</Name>
    <Name xml:lang="en">Command Processor</Name>
    <Name xml:lang="fr">Interpréteur de commandes</Name>
    <Description>The Command Processor is a program that allows the entering of commands and then executes those commands to the operating system.</Description>
    <Description xml:lang="fr">L'Interpréteur de commandes est un programme qui permet de saisir des commandes, puis d'exécuter ces commandes sur le système d'exploitation.</Description>
    <Executable>%COMSPEC%</Executable>
    <Arguments>/d /c "{0}"</Arguments>
    <Extension>.cmd</Extension>
    <Icon Filename="%COMSPEC%" Index="0" />
  </Host>
  <Host Type="Program">
    <Name>PowerShell</Name>
    <Name xml:lang="en">PowerShell</Name>
    <Name xml:lang="fr">PowerShell</Name>
    <Description>Microsoft PowerShell is a shell and scripting language built on top of Microsoft .NET technology.</Description>
    <Description xml:lang="fr">Microsoft PowerShell est un shell et un langage de script construit sur la technologie Microsoft .NET.</Description>
    <Executable>%SYSTEMROOT%\System32\WindowsPowerShell\v1.0\powershell.exe</Executable>
    <Arguments>-NoProfile -ExecutionPolicy Unrestricted -File "{0}"</Arguments>
    <Extension>.ps1</Extension>
    <Icon Filename="%SYSTEMROOT%\System32\WindowsPowerShell\v1.0\powershell.exe" Index="0" />
    <Versions>>=6.1.0</Versions>
  </Host>
  <Host Type="Program">
    <Name>Regedit</Name>
    <Name xml:lang="en">Registry Editor</Name>
    <Name xml:lang="fr">Éditeur du Registre</Name>
    <Description>The Registry Editor is a tool that enables users to view the Windows registry and make changes.</Description>
    <Description xml:lang="fr">L'Éditeur du Registre est un outil qui permet aux utilisateurs d'afficher le Registre Windows et d'y apporter des modifications.</Description>
    <Executable>%SYSTEMROOT%\regedit.exe</Executable>
    <Arguments>/s {0}</Arguments>
    <Extension>.reg</Extension>
    <Icon Filename="%SYSTEMROOT%\regedit.exe" Index="-100" />
  </Host>
  <Host Type="Shell">
    <Name>Execute</Name>
    <Name xml:lang="en">Direct execution</Name>
    <Name xml:lang="fr">Exécution directe</Name>
    <Description>Executes a script's code as a standalone program</Description>
    <Description xml:lang="fr">Exécute le code d'un script en tant que programme indépendant.</Description>
    <CommandLine>{0}</CommandLine>
    <Icon Filename="%SYSTEMROOT%\System32\shell32.dll" Index="-25" />
  </Host>
</Hosts>