<?xml version="1.0" encoding="UTF-8"?>
<Script>
  <Name>Schedule Check Disk utility</Name>
  <Name xml:lang="fr">Planifier l'exécution de l'utilitaire de vérification de disque</Name>
  <Description>The disk check and repair utility is provided by Microsoft. Executing this script will plan a disk check and repair for all local disks on next reboot.</Description>
  <Description xml:lang="fr">L'utilitaire de vérification et de réparation des disques est fourni par Microsoft. Exécuter ce script planifiera la vérification et la réparation de tous les disques locaux au prochain redémarrage.</Description>
  <Category>Maintenance</Category>
  <SafetyLevel>Safe</SafetyLevel>
  <Impact>Storage speed</Impact>
  <Versions>>=6.1.7600</Versions>
  <Code>
    <Execute Host="PowerShell">Get-Volume | % { fsutil dirty set $_.Path }</Execute>
  </Code>
</Script>