<?xml version="1.0" encoding="UTF-8"?>
<Script>
  <Name>Repair system using Dism's cleanup image</Name>
  <Name xml:lang="fr">Réparer le système à l'aide de l'image de nettoyage Dism</Name>
  <Description>This script runs the Dism utility and tasks it to deploy a cleanup image to repair the system.</Description>
  <Description xml:lang="fr">Ce script exécute l'utilitaire Dism et le charge de déployer une image de nettoyage pour réparer le système.</Description>
  <Category>Maintenance</Category>
  <SafetyLevel>Safe</SafetyLevel>
  <Impact>Stability</Impact>
  <Versions>>=6.1.7600</Versions>
  <Code>
    <!-- Not using Detect capability has the script may have never been executed before and the image be healthy -->
    <Execute Host="PowerShell">Import-Module Dism
$healthy = [Microsoft.Dism.Commands.ImageHealthState]'Healthy'
if ((Repair-WindowsImage -Online -CheckHealth -Verbose).ImageHealthState -ne $healthy -or (Repair-WindowsImage -Online -ScanHealth -Verbose).ImageHealthState -ne $healthy) {
    Write-Output 'Dism detected image corruption. Starting repairs now...'
    Repair-WindowsImage -Online -RestoreHealth -Verbose -NoRestart
}
else {
    Write-Output 'No image corruption detected.'
}</Execute>
  </Code>
</Script>