<?xml version="1.0" encoding="UTF-8"?>
<Script>
  <Name>Delete all system restore points, except the most recent</Name>
  <Name xml:lang="fr">Supprimer tous les points de restauration système, sauf le plus récent</Name>
  <Description>A restore point is a system image used to undo changes to the system made after it was created.</Description>
  <Description xml:lang="fr">Un point de restauration est une image du système permettant d'annuler les modifications du système apportées ultérieurement à sa création.</Description>
  <Category>Maintenance</Category>
  <SafetyLevel>Limited</SafetyLevel>
  <Impact>Free storage space</Impact>
  <Versions>>=5.1.0</Versions>
  <Code>
    <Execute Host="PowerShell">Get-ComputerRestorePoint | sort CreationTime -Descending | select -Skip 1 | % {
    Write-Output "Deleting $_"
    Write-Output "Result: $([SystemRestore.DeleteRestorePoint]::SRRemoveRestorePoint($_.SequenceNumber))"
}</Execute>
  </Code>
</Script>