<?xml version="1.0" encoding="UTF-8"?>
<Script>
  <Name>Stop apps from running in the background</Name>
  <Name xml:lang="fr">Interdire les processus en arrière-plan pour les applications</Name>
  <Description>Some apps keep processes running in the background. Disabling this behavior frees up memory and decreases the number of running processes.</Description>
  <Description xml:lang="fr">Certaines applications conservent des processus en arrière-plan. Inderdire ce comportement permet de libérer de la mémoire et diminue le nombre de processus en cours d'exécution.</Description>
  <Category>Debloating</Category>
  <SafetyLevel>Safe</SafetyLevel>
  <Impact>Memory usage</Impact>
  <Code>
    <Enable Host="Regedit">Windows Registry Editor Version 5.00

[HKEY_CURRENT_USER\SOFTWARE\Microsoft\Windows\CurrentVersion\BackgroundAccessApplications]
"GlobalUserDisabled"=dword:1</Enable>
    <Disable Host="Regedit">Windows Registry Editor Version 5.00

[HKEY_CURRENT_USER\SOFTWARE\Microsoft\Windows\CurrentVersion\BackgroundAccessApplications]
"GlobalUserDisabled"=dword:0</Disable>
    <Detect Host="PowerShell">Switch (Get-ItemPropertyValue -Path 'HKCU:\SOFTWARE\Microsoft\Windows\CurrentVersion\BackgroundAccessApplications' -Name 'GlobalUserDisabled') {
    0 {exit 0}
    1 {exit 1}
    default {exit -1}
}</Detect>
  </Code>
</Script>