<?xml version="1.0" encoding="UTF-8"?>
<Script>
  <Name>Disable Cortana</Name>
  <Name xml:lang="fr">Désactiver Cortana</Name>
  <Description>This scripts disables Cortana, the start menu assistant.</Description>
  <Description xml:lang="fr">Ce script désactive Cortana, l'assistant du menu démarrer.</Description>
  <Category>Debloating</Category>
  <SafetyLevel>Limited</SafetyLevel>
  <Impact>Ergonomics</Impact>
  <Versions>>=10.0.0 &lt;=10.0.22000</Versions>
  <Code>
    <Enable Host="PowerShell">
# License: https://github.com/Sycnex/Windows10Debloater/blob/master/LICENSE
# Original code: https://github.com/Sycnex/Windows10Debloater/blob/master/Individual%20Scripts/Disable%20Cortana

$Cortana1 = 'HKCU:\SOFTWARE\Microsoft\Personalization\Settings'
$Cortana2 = 'HKCU:\SOFTWARE\Microsoft\InputPersonalization'
$Cortana3 = 'HKCU:\SOFTWARE\Microsoft\InputPersonalization\TrainedDataStore'
if (!(Test-Path $Cortana1)) {
    New-Item $Cortana1
}
Set-ItemProperty $Cortana1 AcceptedPrivacyPolicy -Value 0
if (!(Test-Path $Cortana2)) {
    New-Item $Cortana2
}
Set-ItemProperty $Cortana2 RestrictImplicitTextCollection -Value 1
Set-ItemProperty $Cortana2 RestrictImplicitInkCollection -Value 1
if (!(Test-Path $Cortana3)) {
    New-Item $Cortana3
}
Set-ItemProperty $Cortana3 HarvestContacts -Value 0</Enable>
    <Disable Host="PowerShell">
# License: https://github.com/Sycnex/Windows10Debloater/blob/master/LICENSE
# Original code: https://github.com/Sycnex/Windows10Debloater/blob/master/Individual%20Scripts/Disable%20Cortana

$Cortana1 = 'HKCU:\SOFTWARE\Microsoft\Personalization\Settings'
$Cortana2 = 'HKCU:\SOFTWARE\Microsoft\InputPersonalization'
$Cortana3 = 'HKCU:\SOFTWARE\Microsoft\InputPersonalization\TrainedDataStore'
if (!(Test-Path $Cortana1)) {
	New-Item $Cortana1
}
Set-ItemProperty $Cortana1 AcceptedPrivacyPolicy -Value 1 
if (!(Test-Path $Cortana2)) {
	New-Item $Cortana2
}
Set-ItemProperty $Cortana2 RestrictImplicitTextCollection -Value 0 
Set-ItemProperty $Cortana2 RestrictImplicitInkCollection -Value 0 
if (!(Test-Path $Cortana3)) {
	New-Item $Cortana3
}
Set-ItemProperty Cortana3 HarvestContacts -Value 1 </Disable>
  </Code>
</Script>