﻿<?xml version="1.0" encoding="utf-8" ?>
<SafetyLevels>
  <SafetyLevel Order="0" Color="Green">
    <Name>Safe</Name>
    <Name xml:lang="fr">Sûr</Name>
    <Description>Scripts for any user that don't hinder any common features.</Description>
    <Description xml:lang="fr">Scripts destinés n'importe quel utilisateur qui n'entraverent aucune fonctionnalité commune.</Description>
  </SafetyLevel>
  <SafetyLevel Order="1" Color="Gray">
    <Name>Limited</Name>
    <Name xml:lang="fr">Limité</Name>
    <Description>Scripts that hinder features useful to a minority of users.</Description>
    <Description xml:lang="fr">Scripts qui entravent des fonctionnalités utiles à une minorité d'utilisateurs.</Description>
  </SafetyLevel>
  <SafetyLevel Order="2" Color="Red">
    <Name>Dangerous</Name>
    <Name xml:lang="fr">Dangereux</Name>
    <Description>Scripts only for a minority of users who want advanced optimization. They hinder useful system features.</Description>
    <Description xml:lang="fr">Scripts destinés à une minorité d'utilisateurs souhaitant une optimisation avancée. Ils entravent des fonctionnalités utiles du système.</Description>
  </SafetyLevel>
</SafetyLevels>