<?xml version="1.0" encoding="UTF-8"?>
<Script>
  <Name>Clear event logs</Name>
  <Name xml:lang="fr">Effacer les journaux d'évènements</Name>
  <Description>System events and errors are stored in event logs. Tenths of thousands of events can accumulate there and occupy disk space.</Description>
  <Description xml:lang="fr">Les évènements et des erreurs système sont stockés dans les journaux d'événements. Plusieurs dizaines de milliers d'évènements peuvent s'y accumuler et occuper de l'espace disque.</Description>
  <Category>Maintenance</Category>
  <SafetyLevel>Limited</SafetyLevel>
  <Impact>Free storage space</Impact>
  <Versions>>=6.1.7600</Versions>
  <Code>
    <Execute Host="PowerShell">Get-EventLog -LogName * | % { Clear-EventLog -LogName $_.Log }</Execute>
  </Code>
</Script>