<?xml version="1.0" encoding="UTF-8"?>
<Script>
  <Name>Show checkboxes near files and folders</Name>
  <Name xml:lang="fr">Afficher les cases à cocher près des fichiers et dossiers</Name>
  <Description>Show checkboxes for selecting files and folders in Explorer.</Description>
  <Description xml:lang="fr">Afficher des cases à cocher pour la sélection de fichiers et dossiers dans l'Explorateur de Fichiers.</Description>
  <Category>Customization</Category>
  <SafetyLevel>Limited</SafetyLevel>
  <Impact>Ergonomics</Impact>
  <Code>
    <Enable Host="Regedit">Windows Registry Editor Version 5.00
[HKEY_CURRENT_USER\SOFTWARE\Microsoft\Windows\CurrentVersion\Explorer\Advanced]
"AutoCheckSelect"=dword:1</Enable>
    <Disable Host="Regedit">Windows Registry Editor Version 5.00
[HKEY_CURRENT_USER\SOFTWARE\Microsoft\Windows\CurrentVersion\Explorer\Advanced]
"AutoCheckSelect"=dword:0</Disable>
    <Detect Host="PowerShell">Switch (Get-ItemPropertyValue -Path 'HKCU:\SOFTWARE\Microsoft\Windows\CurrentVersion\Explorer\Advanced' -Name 'AutoCheckSelect') {
    0 {exit 0}
    1 {exit 1}
    default {exit -1}
}</Detect>
  </Code>
</Script>