<?xml version="1.0" encoding="UTF-8"?>
<Script>
  <Name>Clear File Explorer history</Name>
  <Name xml:lang="fr">Effacer l'historique de l'Explorateur de fichiers</Name>
  <Description>When accessing files or folders in File Explorer, Windows keeps a shortcut to the folder/file in File Explorer history.</Description>
  <Description xml:lang="fr">Lors de l'accès à des fichiers ou dossiers dans l'Explorateur de fichiers, Windows conserve un raccourci vers le dossier/fichier dans l'historique de l'Explorateur de fichiers.</Description>
  <Category>Maintenance</Category>
  <SafetyLevel>Limited</SafetyLevel>
  <Impact>Privacy</Impact>
  <Code>
    <Execute Host="Cmd">del /F /Q /A %APPDATA%\Microsoft\Windows\Recent\*
del /F /Q /A %APPDATA%\Microsoft\Windows\Recent\AutomaticDestinations\*
del /F /Q /A %APPDATA%\Microsoft\Windows\Recent\CustomDestinations\*
reg delete HKEY_CURRENT_USER\SOFTWARE\Microsoft\Windows\CurrentVersion\Explorer\RunMRU /VA /F
reg delete HKEY_CURRENT_USER\SOFTWARE\Microsoft\Windows\CurrentVersion\Explorer\TypedPaths /VA /F</Execute>
  </Code>
</Script>