<?xml version="1.0" encoding="UTF-8"?>
<Script>
  <Name>Run Disk Cleanup tool</Name>
  <Name xml:lang="fr">Exécuter l'utilitaire de nettoyage de disque</Name>
  <Description>Disk Cleanup (cleanmgr.exe) is a tool that deletes junk files and frees disk space. Overwrites configuration number 2022.</Description>
  <Description xml:lang="fr">Le nettoyage de disque (cleanmgr.exe) est un outil qui supprime les fichiers inutiles et libère de l'espace disque. Écrase la configuration numéro 2022.</Description>
  <Category>Maintenance</Category>
  <SafetyLevel>Safe</SafetyLevel>
  <Versions>>=4.10.1998</Versions>
  <Impact>Free storage space</Impact>
  <Code>
    <Execute Host="Cmd">reg add "HKLM\SOFTWARE\Microsoft\Windows\CurrentVersion\Explorer\VolumeCaches\Active Setup Temp Folders" /v "StateFlags2022" /t REG_DWORD /d "2" /f
reg add "HKLM\SOFTWARE\Microsoft\Windows\CurrentVersion\Explorer\VolumeCaches\Content Indexer Cleaner" /v "StateFlags2022" /t REG_DWORD /d "2" /f
reg add "HKLM\SOFTWARE\Microsoft\Windows\CurrentVersion\Explorer\VolumeCaches\D3D Shader Cache" /v "StateFlags2022" /t REG_DWORD /d "2" /f
reg add "HKLM\SOFTWARE\Microsoft\Windows\CurrentVersion\Explorer\VolumeCaches\Delivery Optimization Files" /v "StateFlags2022" /t REG_DWORD /d "2" /f
reg add "HKLM\SOFTWARE\Microsoft\Windows\CurrentVersion\Explorer\VolumeCaches\Device Driver Packages" /v "StateFlags2022" /t REG_DWORD /d "2" /f
reg add "HKLM\SOFTWARE\Microsoft\Windows\CurrentVersion\Explorer\VolumeCaches\Diagnostic Data Viewer database files" /v "StateFlags2022" /t REG_DWORD /d "2" /f
reg add "HKLM\SOFTWARE\Microsoft\Windows\CurrentVersion\Explorer\VolumeCaches\Downloaded Program Files" /v "StateFlags2022" /t REG_DWORD /d "2" /f
reg add "HKLM\SOFTWARE\Microsoft\Windows\CurrentVersion\Explorer\VolumeCaches\DownloadsFolder" /v "StateFlags2022" /t REG_DWORD /d "2" /f
reg add "HKLM\SOFTWARE\Microsoft\Windows\CurrentVersion\Explorer\VolumeCaches\Internet Cache Files" /v "StateFlags2022" /t REG_DWORD /d "2" /f
reg add "HKLM\SOFTWARE\Microsoft\Windows\CurrentVersion\Explorer\VolumeCaches\Language Pack" /v "StateFlags2022" /t REG_DWORD /d "2" /f
reg add "HKLM\SOFTWARE\Microsoft\Windows\CurrentVersion\Explorer\VolumeCaches\Offline Pages Files" /v "StateFlags2022" /t REG_DWORD /d "2" /f
reg add "HKLM\SOFTWARE\Microsoft\Windows\CurrentVersion\Explorer\VolumeCaches\Old ChkDsk Files" /v "StateFlags2022" /t REG_DWORD /d "2" /f
reg add "HKLM\SOFTWARE\Microsoft\Windows\CurrentVersion\Explorer\VolumeCaches\Previous Installations" /v "StateFlags2022" /t REG_DWORD /d "2" /f
reg add "HKLM\SOFTWARE\Microsoft\Windows\CurrentVersion\Explorer\VolumeCaches\Recycle Bin" /v "StateFlags2022" /t REG_DWORD /d "2" /f
reg add "HKLM\SOFTWARE\Microsoft\Windows\CurrentVersion\Explorer\VolumeCaches\RetailDemo Offline Content" /v "StateFlags2022" /t REG_DWORD /d "2" /f
reg add "HKLM\SOFTWARE\Microsoft\Windows\CurrentVersion\Explorer\VolumeCaches\Setup Log Files" /v "StateFlags2022" /t REG_DWORD /d "2" /f
reg add "HKLM\SOFTWARE\Microsoft\Windows\CurrentVersion\Explorer\VolumeCaches\System error memory dump files" /v "StateFlags2022" /t REG_DWORD /d "2" /f
reg add "HKLM\SOFTWARE\Microsoft\Windows\CurrentVersion\Explorer\VolumeCaches\System error minidump files" /v "StateFlags2022" /t REG_DWORD /d "2" /f
reg add "HKLM\SOFTWARE\Microsoft\Windows\CurrentVersion\Explorer\VolumeCaches\Temporary Files" /v "StateFlags2022" /t REG_DWORD /d "2" /f
reg add "HKLM\SOFTWARE\Microsoft\Windows\CurrentVersion\Explorer\VolumeCaches\Temporary Setup Files" /v "StateFlags2022" /t REG_DWORD /d "2" /f
reg add "HKLM\SOFTWARE\Microsoft\Windows\CurrentVersion\Explorer\VolumeCaches\Thumbnail Cache" /v "StateFlags2022" /t REG_DWORD /d "2" /f
reg add "HKLM\SOFTWARE\Microsoft\Windows\CurrentVersion\Explorer\VolumeCaches\Update Cleanup" /v "StateFlags2022" /t REG_DWORD /d "2" /f
reg add "HKLM\SOFTWARE\Microsoft\Windows\CurrentVersion\Explorer\VolumeCaches\Upgrade Discarded Files" /v "StateFlags2022" /t REG_DWORD /d "2" /f
reg add "HKLM\SOFTWARE\Microsoft\Windows\CurrentVersion\Explorer\VolumeCaches\User file versions" /v "StateFlags2022" /t REG_DWORD /d "2" /f
reg add "HKLM\SOFTWARE\Microsoft\Windows\CurrentVersion\Explorer\VolumeCaches\Windows Defender" /v "StateFlags2022" /t REG_DWORD /d "2" /f
reg add "HKLM\SOFTWARE\Microsoft\Windows\CurrentVersion\Explorer\VolumeCaches\Windows Error Reporting Files" /v "StateFlags2022" /t REG_DWORD /d "2" /f
reg add "HKLM\SOFTWARE\Microsoft\Windows\CurrentVersion\Explorer\VolumeCaches\Windows ESD installation files" /v "StateFlags2022" /t REG_DWORD /d "2" /f
reg add "HKLM\SOFTWARE\Microsoft\Windows\CurrentVersion\Explorer\VolumeCaches\Windows Upgrade Log Files" /v "StateFlags2022" /t REG_DWORD /d "2" /f
cleanmgr /sagerun:2022</Execute>
  </Code>
</Script>