<?xml version="1.0" encoding="UTF-8"?>
<Script>
  <Name>Run advanced disk cleanup</Name>
  <Name xml:lang="fr">Exécuter le nettoyage de disque avancé</Name>
  <Description>Advanced disk cleanup removes all files from directories that contain temporary or unnecessary files. After an advanced cleaning:
  - Windows updates will no longer be able to be uninstalled
  - Component Store backups will no longer be available
  - Log files will be deleted</Description>
  <Description xml:lang="fr">Le nettoyage de disque avancé supprime tous les fichiers de répertoires contenant des fichiers temporaires ou inutiles. Après un nettoyage avancé :
  - Les mises à jour Windows Update ne pourront plus être désinstallées
  - Les sauvegardes du magasin de composants ne seront plus disponibles
  - Les fichiers journaux seront supprimés</Description>
  <Category>Maintenance</Category>
  <SafetyLevel>Limited</SafetyLevel>
  <Impact>Free storage space</Impact>
  <Code>
    <Execute Host="PowerShell">$userAccount = New-Object System.Security.Principal.NTAccount([System.Security.Principal.WindowsIdentity]::GetCurrent().Name)

$directories = @(
    "$env:temp\",
    "$env:windir\temp\",
    "$env:windir\prefetch\",
    "$env:windir\system32\dllcache\",
    "$env:windir\Logs\",
    "$env:windir\SoftwareDistribution\Download\",
    "$env:windir\WinSXS\Backup\",
    "$env:windir\servicing\LCU\",
    "$env:userprofile\Recent\",
    "$env:userprofile\Local Settings\History\",
    "$env:userprofile\Local Settings\Temporary Internet Files\",
    "$env:userprofile\Local Settings\Temp\",
    "$env:userprofile\Recent\",
    "$env:userprofile\Cookies\")

foreach ($dir in $directories) {
    $acl = Get-Acl $dir
    $acl.SetOwner($userAccount)
    $acl.AddAccessRule((New-Object System.Security.AccessControl.FileSystemAccessRule($userAccount, 'FullControl', 'Allow')))
    Set-Acl $dir -AclObject $acl
    foreach ($item in (Get-ChildItem $dir -Recurse -Force).FullName) {
        $acl = Get-Acl $item
        $acl.SetOwner($userAccount)
        $acl.AddAccessRule((New-Object System.Security.AccessControl.FileSystemAccessRule($userAccount, 'FullControl', 'Allow')))
        Set-Acl $item -AclObject $acl
        Remove-Item $item -Force -Recurse -Verbose
    }
}</Execute>
  </Code>
</Script>