﻿<?xml version="1.0" encoding="utf-8" ?>
<Categories>
  <Category Order="0">
    <Name>Maintenance</Name>
    <Name xml:lang="fr">Maintenance</Name>
    <Description>Maintenance scripts to run regularly for maximum efficiency. They improve system performance and extend hardware life expectancy.</Description>
    <Description xml:lang="fr">Scripts de maintenance dont l'excécution régulière est recommandée pour une efficacité maximale. Ils améliorent les performances du système et prolongent la durée de vie du matériel.</Description>
  </Category>
  <Category Order="1">
    <Name>Debloating</Name>
    <Name xml:lang="fr">Nettoyage</Name>
    <Description>Debloating scripts to run only once or after every update.</Description>
    <Description xml:lang="fr">Scripts de nettoyage destinés à n'être exécutés qu'une seule fois ou après chaque mise à jour.</Description>
  </Category>
  <Category Order="2">
    <Name>Customization</Name>
    <Name xml:lang="fr">Personnalisation</Name>
    <Description>Customization scripts that do not bring any performance improvements.</Description>
    <Description xml:lang="fr">Scripts de personnalisation n'apportant aucune amélioration des performances.</Description>
  </Category>
</Categories>